visitor_report_no,visitor_no,visitor_attendance_date,visitor_time_in,visitor_time_out
23050900000,3,2023-05-09,20:59:03.0000000,22:30:57.0000000
23050900001,4,2023-05-09,21:08:06.0000000,22:30:34.0000000
23050900002,9,2023-05-09,21:56:29.0000000,22:31:43.0000000
23050900003,8,2023-05-09,21:56:37.0000000,22:31:36.0000000
23050900004,7,2023-05-09,21:56:45.0000000,22:31:27.0000000
23050900005,6,2023-05-09,21:56:54.0000000,22:31:19.0000000
23050900006,5,2023-05-09,21:57:03.0000000,22:31:04.0000000
23050900007,2,2023-05-09,21:57:19.0000000,22:30:50.0000000
23050900008,1,2023-05-09,21:57:27.0000000,22:30:41.0000000
23051100001,2,2023-05-11,15:59:25.0000000,22:53:31.0000000
23051100002,1,2023-05-11,15:59:31.0000000,22:53:37.0000000
23051100003,4,2023-05-11,15:59:47.0000000,22:48:27.0000000
23051100004,9,2023-05-11,16:00:02.0000000,22:48:33.0000000
23051100005,8,2023-05-11,16:00:08.0000000,22:48:44.0000000
23051100006,7,2023-05-11,16:00:28.0000000,22:51:49.0000000
23051100007,6,2023-05-11,16:00:35.0000000,22:49:31.0000000
23051100008,5,2023-05-11,16:00:41.0000000,22:49:37.0000000
23051100009,3,2023-05-11,16:00:48.0000000,22:49:44.0000000
23051100010,20,2023-05-11,16:07:18.0000000,22:52:42.0000000
23051100011,19,2023-05-11,16:07:24.0000000,22:52:49.0000000
23051100012,18,2023-05-11,16:07:33.0000000,22:52:56.0000000
23051100013,17,2023-05-11,16:07:40.0000000,22:53:02.0000000
23051100014,16,2023-05-11,16:07:45.0000000,22:54:57.0000000
23051100015,15,2023-05-11,16:07:52.0000000,22:55:27.0000000
23051100016,14,2023-05-11,16:07:58.0000000,22:40:18.0000000
23051100017,13,2023-05-11,16:08:10.0000000,22:39:56.0000000
23051100018,12,2023-05-11,16:08:17.0000000,22:39:37.0000000
23051100019,11,2023-05-11,16:08:24.0000000,22:39:30.0000000
23051100020,10,2023-05-11,16:08:50.0000000,22:39:05.0000000
23051200001,10,2023-05-12,15:45:26.0000000,22:38:52.0000000
23051200002,11,2023-05-12,15:45:50.0000000,22:41:10.0000000
23051200003,12,2023-05-12,15:45:56.0000000,22:41:04.0000000
23051200004,13,2023-05-12,15:46:17.0000000,22:40:57.0000000
23051200005,14,2023-05-12,15:46:23.0000000,22:40:50.0000000
23051200006,15,2023-05-12,15:46:30.0000000,22:40:43.0000000
23051200007,4,2023-05-12,16:11:35.0000000,22:49:08.0000000
23051200008,9,2023-05-12,16:11:42.0000000,22:48:26.0000000
23051200009,8,2023-05-12,16:12:00.0000000,22:48:37.0000000
23051200010,6,2023-05-12,16:17:58.0000000,22:46:56.0000000
23051200011,5,2023-05-12,16:18:04.0000000,22:47:03.0000000
23051200012,3,2023-05-12,16:18:10.0000000,22:47:11.0000000
23051200013,7,2023-05-12,16:22:43.0000000,22:52:24.0000000
23051200014,20,2023-05-12,16:23:41.0000000,22:39:40.0000000
23051200015,19,2023-05-12,16:23:53.0000000,22:39:49.0000000
23051200016,18,2023-05-12,16:24:04.0000000,22:54:08.0000000
23051200017,17,2023-05-12,16:24:13.0000000,22:53:48.0000000
23051200018,16,2023-05-12,16:24:20.0000000,22:53:40.0000000
23051200019,2,2023-05-12,16:28:41.0000000,22:49:43.0000000
23051200020,1,2023-05-12,16:28:47.0000000,22:52:55.0000000
23051300000,3,2023-05-13,09:12:17.0000000,10:54:24.0000000
23051300001,6,2023-05-13,09:12:24.0000000,10:54:31.0000000
23051300002,5,2023-05-13,09:12:38.0000000,10:54:37.0000000
23051300003,20,2023-05-13,09:13:37.0000000,10:55:30.0000000
23051300004,8,2023-05-13,09:14:01.0000000,10:55:53.0000000
23051300005,4,2023-05-13,09:14:11.0000000,10:58:20.0000000
23051300006,7,2023-05-13,09:15:09.0000000,10:56:19.0000000
23051300007,1,2023-05-13,09:15:35.0000000,10:53:40.0000000
23051300008,2,2023-05-13,09:48:18.0000000,10:58:09.0000000
23051300009,9,2023-05-13,09:49:23.0000000,11:01:40.0000000
23051300010,16,2023-05-13,09:51:15.0000000,11:05:02.0000000
23051300011,17,2023-05-13,09:51:21.0000000,11:05:44.0000000
23051300012,18,2023-05-13,09:51:34.0000000,11:02:34.0000000
23051300013,10,2023-05-13,09:51:59.0000000,11:02:53.0000000
23051300014,19,2023-05-13,09:52:10.0000000,11:03:00.0000000
23051300015,15,2023-05-13,09:54:00.0000000,11:01:32.0000000
23051300016,14,2023-05-13,09:54:07.0000000,11:04:00.0000000
23051300017,13,2023-05-13,09:54:37.0000000,11:04:06.0000000
23051300018,12,2023-05-13,09:54:44.0000000,11:04:12.0000000
23051300019,11,2023-05-13,09:54:51.0000000,11:04:19.0000000
